,SNPs
0,0
1,1
2,3
3,4
4,5
5,6
6,9
7,10
8,11
9,12
10,13
11,14
12,15
13,17
14,19
15,20
16,21
17,23
18,24
19,25
20,26
21,27
22,28
23,29
24,34
25,39
26,43
27,60
28,65
29,71
30,91
31,93
32,98
33,99
34,102
35,105
36,109
37,120
38,125
39,126
40,139
41,141
42,148
43,173
44,182
45,185
46,188
47,191
48,192
49,194
50,195
51,197
52,198
53,202
54,203
55,206
56,207
57,208
58,209
59,212
60,215
61,217
62,218
63,221
64,235
65,237
66,240
67,245
68,255
69,268
70,273
71,291
72,293
73,300
74,321
75,324
76,334
77,336
78,343
79,345
80,348
81,354
82,372
83,381
84,396
85,406
86,416
87,434
88,437
89,453
90,465
91,474
92,477
93,496
94,505
95,507
96,509
97,514
98,520
99,521
100,525
101,526
102,528
103,531
104,540
105,541
106,546
107,547
108,549
109,555
110,556
111,563
112,568
113,582
114,583
115,588
116,589
117,591
118,592
119,595
120,596
121,616
122,624
123,634
124,641
125,642
126,654
127,656
128,662
129,663
130,669
131,675
132,676
133,677
134,678
135,682
136,702
137,712
138,713
139,730
140,732
141,735
142,744
143,757
144,760
145,774
146,775
147,787
148,793
149,795
150,797
151,798
152,810
153,813
154,816
155,819
156,822
157,828
158,831
159,834
160,840
161,871
162,874
163,877
164,880
165,883
166,885
167,887
168,889
169,895
170,896
171,900
172,910
173,912
174,919
175,921
176,922
177,933
178,935
179,939
180,942
181,944
182,952
183,966
184,972
185,975
186,980
187,987
188,1001
189,1032
190,1042
191,1047
192,1053
193,1056
194,1058
195,1059
196,1065
197,1067
198,1075
199,1076
200,1083
201,1084
202,1086
203,1090
204,1097
205,1101
206,1114
207,1124
208,1125
209,1127
210,1141
211,1146
212,1147
213,1149
214,1158
215,1169
216,1172
217,1176
218,1178
219,1180
220,1184
221,1187
222,1189
223,1190
224,1194
225,1204
226,1208
227,1212
228,1229
229,1243
230,1248
231,1250
232,1262
233,1263
234,1264
235,1266
236,1273
237,1280
238,1283
239,1287
240,1298
241,1312
242,1325
243,1328
244,1341
245,1345
246,1346
247,1357
248,1378
249,1380
250,1384
251,1386
252,1391
253,1402
254,1403
255,1404
256,1406
257,1419
258,1425
259,1426
260,1434
261,1441
262,1444
263,1456
264,1461
265,1462
266,1470
267,1494
268,1507
269,1512
270,1513
271,1520
272,1527
273,1529
274,1536
275,1543
276,1546
277,1547
278,1558
279,1571
280,1576
281,1582
282,1584
283,1587
284,1588
285,1589
286,1592
287,1593
288,1595
289,1598
290,1600
291,1612
292,1614
293,1626
294,1642
295,1662
296,1665
297,1680
298,1682
299,1683
300,1691
301,1700
302,1709
303,1728
304,1733
305,1737
306,1740
307,1757
308,1762
309,1776
310,1778
311,1779
312,1781
313,1811
314,1819
315,1823
316,1824
317,1832
318,1850
319,1872
320,1876
321,1877
322,1883
323,1886
324,1887
325,1888
326,1896
327,1900
328,1908
329,1911
330,1913
331,1914
332,1928
333,1931
334,1932
335,1942
336,1945
337,1954
338,1955
339,1957
340,1958
341,1960
342,1970
343,1972
344,1986
345,2002
346,2029
347,2034
348,2036
349,2039
350,2044
351,2046
352,2050
353,2052
354,2060
355,2061
356,2064
357,2085
358,2089
359,2090
360,2105
361,2109
362,2116
363,2142
364,2143
365,2146
366,2147
367,2150
368,2155
369,2163
370,2165
371,2171
372,2193
373,2196
374,2200
375,2201
376,2209
377,2231
378,2233
379,2245
380,2251
381,2269
382,2271
383,2283
384,2291
385,2298
386,2302
387,2304
388,2305
389,2332
390,2333
391,2335
392,2337
393,2343
394,2357
395,2369
396,2387
397,2394
398,2395
399,2397
400,2399
401,2400
402,2405
403,2409
404,2412
405,2432
406,2433
407,2444
408,2445
409,2446
410,2452
411,2454
412,2461
413,2469
414,2470
415,2472
416,2484
417,2487
418,2493
419,2506
420,2507
421,2508
422,2509
423,2512
424,2515
425,2517
426,2522
427,2533
428,2535
429,2543
430,2549
431,2555
432,2559
433,2563
434,2582
435,2587
436,2588
437,2591
438,2595
439,2598
440,2617
441,2622
442,2625
443,2631
444,2632
445,2638
446,2643
447,2658
448,2668
449,2670
450,2675
451,2677
452,2691
453,2694
454,2705
455,2707
456,2709
457,2715
458,2726
459,2727
460,2730
461,2745
462,2748
463,2750
464,2754
465,2765
466,2781
467,2783
468,2789
469,2802
470,2803
471,2808
472,2812
473,2817
474,2831
475,2832
476,2840
477,2844
478,2858
479,2864
480,2866
481,2874
482,2877
483,2884
484,2886
485,2894
486,2901
487,2909
488,2910
489,2915
490,2922
491,2932
492,2936
493,2937
494,2938
495,2939
496,2943
497,2961
498,2966
499,2968
500,2972
501,2988
502,2994
503,2996
504,2997
505,3003
506,3014
507,3019
508,3030
509,3036
510,3039
511,3040
512,3046
513,3047
514,3048
515,3052
516,3054
517,3077
518,3078
519,3084
520,3095
521,3103
522,3112
523,3116
524,3144
525,3151
526,3152
527,3155
528,3156
529,3157
530,3159
531,3163
532,3169
533,3171
534,3175
535,3176
536,3204
537,3212
538,3220
539,3225
540,3229
541,3236
542,3237
543,3240
544,3241
545,3242
546,3244
547,3249
548,3252
549,3255
550,3258
551,3263
552,3264
553,3266
554,3291
555,3292
556,3301
557,3305
558,3314
559,3316
560,3321
561,3329
562,3339
563,3350
564,3364
565,3367
566,3368
567,3370
568,3392
569,3401
570,3402
571,3405
572,3410
573,3425
574,3426
575,3451
576,3456
577,3471
578,3480
579,3482
580,3487
581,3504
582,3506
583,3516
584,3526
585,3527
586,3535
587,3540
588,3555
589,3568
590,3581
591,3586
592,3588
593,3591
594,3592
595,3594
596,3597
597,3609
598,3613
599,3618
600,3625
601,3637
602,3643
603,3662
604,3683
605,3689
606,3693
607,3716
608,3717
609,3718
610,3721
611,3727
612,3731
613,3735
614,3737
615,3742
616,3752
617,3754
618,3765
619,3767
620,3774
621,3781
622,3786
623,3791
624,3805
625,3806
626,3808
627,3810
628,3827
629,3831
630,3837
631,3846
632,3851
633,3870
634,3871
635,3876
636,3881
637,3884
638,3891
639,3899
640,3901
641,3902
642,3912
643,3922
644,3931
645,3932
646,3939
647,3947
648,3951
649,3954
650,3960
651,3982
652,3983
653,3984
654,3989
655,3991
656,3992
657,3993
658,3994
659,4001
660,4008
661,4011
662,4020
663,4038
664,4039
665,4050
666,4059
667,4067
668,4075
669,4083
670,4092
671,4094
672,4095
673,4110
674,4112
675,4121
676,4132
677,4135
678,4147
679,4157
680,4159
681,4161
682,4179
683,4180
684,4182
685,4183
686,4201
687,4205
688,4206
689,4212
690,4219
691,4220
692,4232
693,4233
694,4236
695,4248
696,4254
697,4257
698,4275
699,4284
700,4299
701,4308
702,4319
703,4320
704,4324
705,4330
706,4332
707,4346
708,4385
709,4398
710,4402
711,4403
712,4404
713,4405
714,4406
715,4407
716,4408
717,4409
718,4410
719,4411
720,4412
721,4413
722,4414
723,4415
724,4416
725,4417
726,4418
727,4419
728,4420
729,4421
730,4422
731,4423
732,4442
733,4443
734,4453
735,4454
736,4455
737,4456
738,4463
739,4466
740,4473
741,4474
742,4476
743,4500
744,4503
745,4509
746,4524
747,4526
748,4527
749,4533
750,4539
751,4542
752,4544
753,4547
754,4548
755,4550
756,4554
757,4555
758,4556
759,4558
760,4559
761,4560
762,4562
763,4563
764,4564
765,4565
766,4566
767,4569
768,4571
769,4573
770,4575
771,4576
772,4577
773,4578
774,4580
775,4581
776,4585
777,4609
778,4632
779,4653
780,4664
781,4667
782,4671
783,4677
784,4682
785,4683
786,4698
787,4722
788,4731
789,4734
790,4741
791,4754
792,4781
793,4783
794,4787
795,4793
796,4794
797,4799
798,4800
799,4802
800,4823
801,4831
802,4837
803,4853
804,4873
805,4880
806,4886
807,4889
808,4890
809,4892
810,4896
811,4899
812,4903
813,4905
814,4907
815,4909
816,4917
817,4920
818,4926
819,4927
820,4935
821,4939
822,4974
823,4998
824,5006
825,5011
826,5016
827,5019
828,5022
829,5023
830,5024
831,5040
832,5047
833,5054
834,5057
835,5062
836,5076
837,5094
838,5099
839,5124
840,5125
841,5127
842,5135
843,5139
844,5143
845,5146
846,5162
847,5163
848,5172
849,5174
850,5183
851,5191
852,5193
853,5220
854,5229
855,5238
856,5239
857,5247
858,5250
859,5259
860,5275
861,5283
862,5296
863,5297
864,5298
865,5299
866,5300
867,5302
868,5304
869,5305
870,5306
871,5309
872,5311
873,5312
874,5313
875,5314
876,5317
877,5325
878,5330
879,5338
880,5342
881,5364
882,5385
883,5387
884,5391
885,5406
886,5407
887,5420
888,5421
889,5426
890,5427
891,5430
892,5436
893,5439
894,5466
895,5475
896,5480
897,5481
898,5487
899,5496
900,5503
901,5508
902,5511
903,5514
904,5525
905,5538
906,5553
907,5569
908,5572
909,5574
910,5580
911,5583
912,5592
913,5610
914,5611
915,5627
916,5628
917,5637
918,5644
919,5647
920,5653
921,5671
922,5688
923,5689
924,5690
925,5692
926,5695
927,5696
928,5706
929,5718
930,5723
931,5729
932,5735
933,5747
934,5761
935,5772
936,5776
937,5781
938,5783
939,5786
940,5793
941,5805
942,5808
943,5811
944,5820
945,5821
946,5825
947,5827
948,5834
949,5848
950,5868
951,5880
952,5881
953,5883
954,5885
955,5892
956,5923
957,5934
958,5940
959,5941
960,5943
961,5952
962,5973
963,5985
964,6004
965,6012
966,6025
967,6026
968,6030
969,6032
970,6036
971,6039
972,6042
973,6062
974,6066
975,6067
976,6069
977,6080
978,6090
979,6106
980,6107
981,6114
982,6119
983,6144
984,6168
985,6184
986,6187
987,6193
988,6195
989,6197
990,6222
991,6244
992,6247
993,6254
994,6257
995,6260
996,6261
997,6265
998,6269
999,6285
1000,6296
1001,6303
1002,6308
1003,6309
1004,6311
1005,6316
1006,6317
1007,6318
1008,6335
1009,6341
1010,6346
1011,6351
1012,6353
1013,6360
1014,6368
1015,6372
1016,6387
1017,6401
1018,6407
1019,6409
1020,6410
1021,6423
1022,6427
1023,6432
1024,6440
1025,6444
1026,6445
1027,6447
1028,6448
1029,6449
1030,6458
1031,6460
1032,6467
1033,6470
1034,6475
1035,6483
1036,6486
1037,6499
1038,6500
1039,6509
1040,6518
1041,6524
1042,6529
1043,6535
1044,6538
1045,6540
1046,6542
1047,6545
1048,6550
1049,6570
1050,6571
1051,6578
1052,6582
1053,6589
1054,6605
1055,6608
1056,6610
1057,6612
1058,6615
1059,6625
1060,6626
1061,6627
1062,6628
1063,6632
1064,6635
1065,6637
1066,6639
1067,6640
1068,6650
1069,6652
1070,6660
1071,6676
1072,6680
1073,6693
1074,6695
1075,6697
1076,6700
1077,6703
1078,6705
1079,6711
1080,6712
1081,6715
1082,6729
1083,6736
1084,6739
1085,6743
1086,6750
1087,6751
1088,6761
1089,6762
1090,6780
1091,6785
1092,6795
1093,6801
1094,6812
1095,6852
1096,6855
1097,6864
1098,6880
1099,6893
1100,6895
1101,6923
1102,6935
1103,6942
1104,6948
1105,6953
1106,6964
1107,6966
1108,6967
1109,6987
1110,6989
1111,6996
1112,6999
1113,7004
1114,7005
1115,7006
1116,7007
1117,7008
1118,7009
1119,7011
1120,7012
1121,7013
1122,7015
1123,7017
1124,7019
1125,7020
1126,7021
1127,7022
1128,7024
1129,7026
1130,7028
1131,7033
1132,7035
1133,7036
1134,7041
1135,7046
1136,7049
1137,7055
1138,7063
1139,7066
1140,7080
1141,7085
1142,7086
1143,7090
1144,7096
1145,7097
1146,7100
1147,7112
1148,7120
1149,7121
1150,7123
1151,7142
1152,7156
1153,7158
1154,7164
1155,7167
1156,7186
1157,7199
1158,7234
1159,7245
1160,7246
1161,7249
1162,7254
1163,7263
1164,7266
1165,7271
1166,7272
1167,7278
1168,7287
1169,7290
1170,7298
1171,7300
1172,7302
1173,7317
1174,7326
1175,7327
1176,7359
1177,7381
1178,7384
1179,7391
1180,7392
1181,7419
1182,7443
1183,7458
1184,7470
1185,7482
1186,7487
1187,7520
1188,7527
1189,7563
1190,7581
1191,7587
1192,7599
1193,7608
1194,7620
1195,7623
1196,7633
1197,7674
1198,7686
1199,7692
1200,7698
1201,7700
1202,7711
1203,7719
1204,7725
1205,7727
1206,7731
1207,7734
1208,7742
1209,7748
1210,7751
1211,7755
1212,7756
1213,7758
1214,7759
1215,7763
1216,7764
1217,7767
1218,7786
1219,7787
1220,7812
1221,7814
1222,7828
1223,7830
1224,7833
1225,7839
1226,7842
1227,7843
1228,7850
1229,7857
1230,7859
1231,7868
1232,7872
1233,7876
1234,7885
1235,7896
1236,7905
1237,7914
1238,7925
1239,7926
1240,7935
1241,7939
1242,7944
1243,7947
1244,7953
1245,7959
1246,7971
1247,7980
1248,7983
1249,8000
1250,8015
1251,8016
1252,8024
1253,8026
1254,8030
1255,8042
1256,8046
1257,8047
1258,8051
1259,8052
1260,8055
1261,8072
1262,8077
1263,8089
1264,8091
1265,8094
1266,8101
1267,8108
1268,8113
1269,8120
1270,8130
1271,8138
1272,8169
1273,8178
1274,8180
1275,8188
1276,8190
1277,8205
1278,8207
1279,8221
1280,8232
1281,8244
1282,8246
1283,8250
1284,8259
1285,8286
1286,8289
1287,8298
1288,8301
1289,8302
1290,8304
1291,8310
1292,8317
1293,8319
1294,8325
1295,8328
1296,8333
1297,8343
1298,8392
1299,8397
1300,8427
1301,8461
1302,8472
1303,8479
1304,8480
1305,8494
1306,8498
1307,8535
1308,8540
1309,8547
1310,8555
1311,8560
1312,8565
1313,8571
1314,8577
1315,8601
1316,8602
1317,8603
1318,8615
1319,8621
1320,8625
1321,8635
1322,8636
1323,8637
1324,8638
1325,8639
1326,8640
1327,8641
1328,8642
1329,8643
1330,8644
1331,8645
1332,8646
1333,8647
1334,8648
1335,8649
1336,8650
1337,8651
1338,8652
1339,8653
1340,8654
1341,8655
1342,8656
1343,8657
1344,8658
1345,8659
1346,8660
1347,8663
1348,8682
1349,8696
1350,8715
1351,8730
1352,8732
1353,8736
1354,8751
1355,8758
1356,8759
1357,8767
1358,8771
1359,8801
1360,8808
1361,8810
1362,8818
1363,8820
1364,8828
1365,8831
1366,8832
1367,8834
1368,8845
1369,8859
1370,8860
1371,8871
1372,8877
1373,8880
1374,8882
1375,8885
1376,8890
1377,8904
1378,8916
1379,8925
1380,8936
1381,8949
1382,8955
1383,8963
1384,8979
1385,8985
1386,8989
1387,8990
1388,9006
1389,9007
1390,9015
1391,9035
1392,9038
1393,9048
1394,9051
1395,9052
1396,9072
1397,9084
1398,9085
1399,9086
1400,9104
1401,9119
1402,9129
1403,9132
1404,9138
1405,9141
1406,9143
1407,9151
1408,9157
1409,9164
1410,9165
1411,9166
1412,9179
1413,9202
1414,9210
1415,9213
1416,9219
1417,9237
1418,9240
1419,9245
1420,9246
1421,9247
1422,9248
1423,9249
1424,9250
1425,9251
1426,9252
1427,9253
1428,9254
1429,9255
1430,9256
1431,9257
1432,9258
1433,9259
1434,9260
1435,9261
1436,9262
1437,9263
1438,9264
1439,9265
1440,9266
1441,9267
1442,9268
1443,9269
1444,9270
1445,9285
1446,9290
1447,9292
1448,9297
1449,9303
1450,9318
1451,9333
1452,9343
1453,9351
1454,9359
1455,9369
1456,9388
1457,9390
1458,9395
1459,9418
1460,9420
1461,9423
1462,9429
1463,9430
1464,9432
1465,9433
1466,9437
1467,9440
1468,9441
1469,9445
1470,9447
1471,9473
1472,9474
1473,9493
1474,9496
1475,9507
1476,9508
1477,9520
1478,9531
1479,9533
1480,9538
1481,9540
1482,9541
1483,9558
1484,9560
1485,9581
1486,9591
1487,9610
1488,9613
1489,9651
1490,9664
1491,9677
1492,9678
1493,9684
1494,9692
1495,9720
1496,9723
1497,9748
1498,9755
1499,9760
1500,9801
1501,9802
1502,9804
1503,9810
1504,9825
1505,9847
1506,9851
1507,9856
1508,9864
1509,9865
1510,9870
1511,9890
1512,9900
1513,9923
1514,9929
1515,9935
1516,9936
1517,9960
1518,9961
1519,9966
1520,9967
1521,9975
1522,9993
1523,9995
1524,9996
1525,9997
1526,9999
1527,10000
1528,10001
1529,10002
1530,10008
1531,10028
1532,10029
1533,10030
1534,10035
1535,10037
1536,10038
1537,10045
1538,10077
1539,10080
1540,10088
1541,10096
1542,10104
1543,10105
1544,10115
1545,10124
1546,10134
1547,10137
1548,10155
1549,10161
1550,10182
1551,10185
1552,10188
1553,10194
1554,10197
1555,10201
1556,10206
1557,10227
1558,10233
1559,10242
1560,10251
1561,10252
1562,10262
1563,10276
1564,10278
1565,10285
1566,10295
1567,10300
1568,10308
1569,10312
1570,10313
1571,10316
1572,10318
1573,10322
1574,10331
1575,10335
1576,10340
1577,10343
1578,10352
1579,10368
1580,10375
1581,10395
1582,10398
1583,10436
1584,10446
1585,10447
1586,10448
1587,10485
1588,10506
1589,10512
1590,10522
1591,10532
1592,10559
1593,10581
1594,10590
1595,10597
1596,10604
1597,10609
1598,10611
1599,10614
1600,10616
1601,10625
1602,10631
1603,10641
1604,10664
1605,10680
1606,10687
1607,10690
1608,10701
1609,10708
1610,10711
1611,10727
1612,10732
1613,10740
1614,10746
1615,10754
1616,10760
1617,10763
1618,10775
1619,10782
1620,10789
1621,10801
1622,10809
1623,10812
1624,10814
1625,10832
1626,10833
1627,10840
1628,10867
1629,10869
1630,10870
1631,10874
1632,10879
1633,10900
1634,10932
1635,10938
1636,10953
1637,10968
1638,10976
1639,10982
1640,10992
1641,10994
1642,11002
1643,11004
1644,11019
1645,11034
1646,11070
1647,11073
1648,11074
1649,11082
1650,11093
1651,11094
1652,11097
1653,11108
1654,11113
1655,11116
1656,11123
1657,11137
1658,11157
1659,11172
1660,11194
1661,11199
1662,11200
1663,11201
1664,11202
1665,11205
1666,11212
1667,11223
1668,11229
1669,11235
1670,11238
1671,11248
1672,11265
1673,11268
1674,11269
1675,11277
1676,11280
1677,11286
1678,11287
1679,11288
1680,11289
1681,11290
1682,11291
1683,11292
1684,11293
1685,11294
1686,11295
1687,11296
1688,11299
1689,11328
1690,11331
1691,11332
1692,11338
1693,11343
1694,11344
1695,11354
1696,11364
1697,11376
1698,11393
1699,11394
1700,11406
1701,11413
1702,11415
1703,11416
1704,11417
1705,11438
1706,11441
1707,11445
1708,11453
1709,11454
1710,11455
1711,11459
1712,11461
1713,11462
1714,11470
1715,11473
1716,11478
1717,11506
1718,11510
1719,11513
1720,11515
1721,11520
1722,11521
1723,11529
1724,11536
1725,11545
1726,11551
1727,11556
1728,11561
1729,11563
1730,11567
1731,11571
1732,11572
1733,11574
1734,11594
1735,11595
1736,11605
1737,11616
1738,11619
1739,11633
1740,11643
1741,11662
1742,11664
1743,11670
1744,11673
1745,11678
1746,11680
1747,11686
1748,11690
1749,11691
1750,11703
1751,11742
1752,11748
1753,11749
1754,11750
1755,11751
1756,11757
1757,11781
1758,11784
1759,11799
1760,11800
1761,11811
1762,11823
1763,11832
1764,11836
1765,11865
1766,11877
1767,11897
1768,11930
1769,11937
1770,11940
1771,11946
1772,11949
1773,11954
1774,11956
1775,11965
1776,11975
1777,11990
1778,11995
1779,12007
1780,12013
1781,12015
1782,12024
1783,12042
1784,12048
1785,12067
1786,12069
1787,12070
1788,12074
1789,12075
1790,12080
1791,12090
1792,12095
1793,12096
1794,12098
1795,12099
1796,12105
1797,12108
1798,12114
1799,12115
1800,12126
1801,12135
1802,12138
1803,12140
1804,12148
1805,12159
1806,12161
1807,12162
1808,12170
1809,12186
1810,12190
1811,12222
1812,12233
1813,12246
1814,12263
1815,12293
1816,12318
1817,12324
1818,12356
1819,12366
1820,12369
1821,12375
1822,12390
1823,12399
1824,12402
1825,12412
1826,12421
1827,12435
1828,12438
1829,12458
1830,12465
1831,12468
1832,12472
1833,12489
1834,12490
1835,12492
1836,12512
1837,12513
1838,12524
1839,12528
1840,12533
1841,12540
1842,12543
1843,12553
1844,12554
1845,12558
1846,12589
1847,12595
1848,12598
1849,12599
1850,12608
1851,12627
1852,12645
1853,12650
1854,12653
1855,12664
1856,12675
1857,12720
1858,12732
1859,12737
1860,12746
1861,12752
1862,12753
1863,12755
1864,12762
1865,12767
1866,12768
1867,12771
1868,12777
1869,12780
1870,12783
1871,12785
1872,12788
1873,12792
1874,12796
1875,12800
1876,12801
1877,12807
1878,12808
1879,12810
1880,12814
1881,12822
1882,12831
1883,12853
1884,12876
1885,12879
1886,12884
1887,12891
1888,12895
1889,12932
1890,12934
1891,12937
1892,12945
1893,12966
1894,12969
1895,12972
1896,12987
1897,13010
1898,13014
1899,13018
1900,13037
1901,13047
1902,13058
1903,13071
1904,13074
1905,13077
1906,13104
1907,13114
1908,13118
1909,13121
1910,13130
1911,13139
1912,13164
1913,13167
1914,13169
1915,13175
1916,13179
1917,13187
1918,13194
1919,13196
1920,13200
1921,13215
1922,13222
1923,13242
1924,13251
1925,13265
1926,13290
1927,13296
1928,13307
1929,13325
1930,13328
1931,13334
1932,13344
1933,13355
1934,13377
1935,13407
1936,13418
1937,13422
1938,13423
1939,13425
1940,13445
1941,13458
1942,13481
1943,13486
1944,13487
1945,13491
1946,13511
1947,13516
1948,13535
1949,13550
1950,13553
1951,13583
1952,13591
1953,13595
1954,13616
1955,13619
1956,13621
1957,13624
1958,13646
1959,13664
1960,13666
1961,13667
1962,13692
1963,13693
1964,13694
1965,13700
1966,13702
1967,13710
1968,13711
1969,13714
1970,13715
1971,13717
1972,13721
1973,13722
1974,13729
1975,13747
1976,13748
1977,13766
1978,13767
1979,13769
1980,13770
1981,13794
1982,13811
1983,13820
1984,13829
1985,13850
1986,13857
1987,13859
1988,13886
1989,13897
1990,13904
1991,13908
1992,13919
1993,13931
1994,13937
1995,13943
1996,13946
1997,13964
1998,13965
1999,13968
2000,13985
2001,14013
2002,14015
2003,14027
2004,14029
2005,14042
2006,14075
2007,14106
2008,14109
2009,14115
2010,14117
2011,14118
2012,14119
2013,14120
2014,14125
2015,14138
2016,14141
2017,14162
2018,14177
2019,14183
2020,14185
2021,14186
2022,14208
2023,14215
2024,14219
2025,14221
2026,14232
2027,14234
2028,14244
2029,14245
2030,14261
2031,14266
2032,14287
2033,14304
2034,14317
2035,14358
2036,14370
2037,14381
2038,14395
2039,14396
2040,14399
2041,14407
2042,14417
2043,14429
2044,14456
2045,14463
2046,14474
2047,14477
2048,14483
2049,14490
2050,14499
2051,14507
2052,14510
2053,14528
2054,14530
2055,14546
2056,14549
2057,14551
2058,14570
2059,14574
2060,14579
2061,14587
2062,14589
2063,14598
2064,14615
2065,14618
2066,14621
2067,14634
2068,14645
2069,14648
2070,14666
2071,14675
2072,14707
2073,14711
2074,14723
2075,14726
2076,14728
2077,14742
2078,14756
2079,14786
2080,14789
2081,14792
2082,14804
2083,14807
2084,14808
2085,14828
2086,14835
2087,14856
2088,14873
2089,14888
2090,14912
2091,14924
2092,14930
2093,14931
2094,14936
2095,14959
2096,14980
2097,15000
2098,15008
2099,15015
2100,15018
2101,15023
2102,15024
2103,15025
2104,15026
2105,15045
2106,15047
2107,15081
2108,15095
2109,15107
2110,15110
2111,15119
2112,15140
2113,15186
2114,15193
2115,15209
2116,15239
2117,15242
2118,15278
2119,15302
2120,15326
2121,15338
2122,15341
2123,15345
2124,15389
2125,15398
2126,15405
2127,15425
2128,15438
2129,15440
2130,15449
2131,15450
2132,15451
2133,15456
2134,15484
2135,15485
2136,15494
2137,15520
2138,15533
2139,15539
2140,15542
2141,15551
2142,15556
2143,15578
2144,15587
2145,15612
2146,15626
2147,15627
2148,15651
2149,15653
2150,15655
2151,15671
2152,15713
2153,15719
2154,15725
2155,15737
2156,15740
2157,15755
2158,15762
2159,15767
2160,15778
2161,15781
2162,15809
2163,15829
2164,15838
2165,15847
2166,15848
2167,15851
2168,15856
2169,15857
2170,15905
2171,15923
2172,15924
2173,15927
2174,15932
2175,15951
2176,15959
2177,15962
2178,15978
2179,16055
2180,16063
2181,16067
2182,16072
2183,16074
2184,16091
2185,16134
2186,16172
2187,16175
2188,16180
2189,16181
2190,16186
2191,16187
2192,16188
2193,16189
2194,16190
2195,16191
2196,16192
2197,16193
2198,16194
2199,16195
2200,16196
2201,16197
2202,16198
2203,16199
2204,16200
2205,16201
2206,16202
2207,16203
2208,16204
2209,16205
2210,16206
2211,16207
2212,16208
2213,16222
2214,16225
2215,16235
2216,16238
2217,16246
2218,16288
2219,16292
2220,16307
2221,16322
2222,16328
2223,16334
2224,16337
2225,16341
2226,16355
2227,16361
2228,16376
2229,16380
2230,16390
2231,16392
2232,16393
2233,16404
2234,16427
2235,16465
2236,16466
2237,16467
2238,16473
2239,16478
2240,16505
2241,16511
2242,16533
2243,16535
2244,16538
2245,16556
2246,16562
2247,16565
2248,16574
2249,16579
2250,16587
2251,16606
2252,16610
2253,16615
2254,16634
2255,16643
2256,16646
2257,16686
2258,16697
2259,16699
2260,16704
2261,16707
2262,16709
2263,16715
2264,16717
2265,16725
2266,16732
2267,16733
2268,16743
2269,16749
2270,16761
2271,16763
2272,16766
2273,16767
2274,16794
2275,16820
2276,16826
2277,16841
2278,16850
2279,16853
2280,16855
2281,16858
2282,16863
2283,16865
2284,16870
2285,16872
2286,16880
2287,16886
2288,16914
2289,16916
2290,16934
2291,16938
2292,16942
2293,16949
2294,16953
2295,16956
2296,16969
2297,16992
2298,16997
2299,17001
2300,17003
2301,17009
2302,17018
2303,17033
2304,17038
2305,17039
2306,17048
2307,17063
2308,17064
2309,17078
2310,17087
2311,17099
2312,17117
2313,17118
2314,17121
2315,17126
2316,17129
2317,17132
2318,17133
2319,17134
2320,17138
2321,17139
2322,17165
2323,17171
2324,17174
2325,17218
2326,17235
2327,17240
2328,17241
2329,17257
2330,17258
2331,17287
2332,17303
2333,17324
2334,17325
2335,17330
2336,17335
2337,17336
2338,17338
2339,17343
2340,17371
2341,17374
2342,17393
2343,17399
2344,17405
2345,17409
2346,17426
2347,17430
2348,17431
2349,17432
2350,17433
2351,17434
2352,17435
2353,17436
2354,17438
2355,17439
2356,17440
2357,17441
2358,17442
2359,17443
2360,17444
2361,17445
2362,17446
2363,17447
2364,17448
2365,17449
2366,17450
2367,17451
2368,17462
2369,17469
2370,17473
2371,17474
2372,17495
2373,17498
2374,17501
2375,17507
2376,17517
2377,17522
2378,17532
2379,17549
2380,17560
2381,17561
2382,17564
2383,17573
2384,17614
2385,17622
2386,17625
2387,17633
2388,17637
2389,17666
2390,17675
2391,17677
2392,17678
2393,17720
2394,17732
2395,17737
2396,17738
2397,17744
2398,17745
2399,17746
2400,17760
2401,17761
2402,17762
2403,17765
2404,17768
2405,17794
2406,17798
2407,17807
2408,17821
2409,17846
2410,17849
2411,17861
2412,17867
2413,17870
2414,17933
2415,17936
2416,17961
2417,17963
2418,17969
2419,17976
2420,17983
2421,17984
2422,17987
2423,17998
2424,18014
2425,18017
2426,18019
2427,18023
2428,18027
2429,18031
2430,18036
2431,18037
2432,18038
2433,18039
2434,18040
2435,18042
2436,18043
2437,18047
2438,18048
2439,18049
2440,18050
2441,18051
2442,18052
2443,18053
2444,18054
2445,18055
2446,18056
2447,18057
2448,18058
2449,18059
2450,18060
2451,18061
2452,18068
2453,18078
2454,18085
2455,18110
2456,18114
2457,18125
2458,18128
2459,18130
2460,18147
2461,18156
2462,18161
2463,18162
2464,18168
2465,18170
2466,18175
2467,18183
2468,18188
2469,18209
2470,18230
2471,18245
2472,18251
2473,18254
2474,18269
2475,18276
2476,18279
2477,18317
2478,18325
2479,18347
2480,18350
2481,18359
2482,18376
2483,18390
2484,18394
2485,18396
2486,18411
2487,18416
2488,18420
2489,18427
2490,18430
2491,18434
2492,18440
2493,18451
2494,18463
2495,18467
2496,18470
2497,18480
2498,18485
2499,18486
2500,18487
2501,18497
2502,18502
2503,18507
2504,18511
2505,18524
2506,18525
2507,18537
2508,18554
2509,18566
2510,18567
2511,18569
2512,18573
2513,18581
2514,18582
2515,18584
2516,18590
2517,18629
2518,18645
2519,18646
2520,18650
2521,18651
2522,18653
2523,18656
2524,18662
2525,18663
2526,18669
2527,18674
2528,18686
2529,18688
2530,18692
2531,18694
2532,18697
2533,18702
2534,18704
2535,18712
2536,18720
2537,18726
2538,18734
2539,18743
2540,18746
2541,18755
2542,18760
2543,18770
2544,18773
2545,18781
2546,18787
2547,18802
2548,18803
2549,18811
2550,18813
2551,18815
2552,18825
2553,18827
2554,18854
2555,18859
2556,18872
2557,18876
2558,18887
2559,18890
2560,18904
2561,18906
2562,18911
2563,18936
2564,18944
2565,18945
2566,18947
2567,18955
2568,18986
2569,19002
2570,19005
2571,19008
2572,19010
2573,19016
2574,19018
2575,19019
2576,19020
2577,19026
2578,19028
2579,19031
2580,19037
2581,19049
2582,19052
2583,19055
2584,19078
2585,19085
2586,19096
2587,19100
2588,19103
2589,19108
2590,19117
2591,19125
2592,19126
2593,19153
2594,19154
2595,19159
2596,19163
2597,19169
2598,19171
2599,19173
2600,19175
2601,19179
2602,19184
2603,19185
2604,19208
2605,19209
2606,19211
2607,19213
2608,19216
2609,19219
2610,19226
2611,19244
2612,19251
2613,19252
2614,19262
2615,19263
2616,19268
2617,19295
2618,19297
2619,19298
2620,19301
2621,19319
2622,19327
2623,19328
2624,19365
2625,19367
2626,19373
2627,19379
2628,19389
2629,19396
2630,19397
2631,19451
2632,19483
2633,19487
2634,19523
2635,19546
2636,19549
2637,19550
2638,19562
2639,19571
2640,19583
2641,19585
2642,19589
2643,19592
2644,19601
2645,19603
2646,19625
2647,19644
2648,19647
2649,19655
2650,19661
2651,19665
2652,19676
2653,19682
2654,19683
2655,19717
2656,19727
2657,19745
2658,19748
2659,19749
2660,19762
2661,19788
2662,19802
2663,19804
2664,19810
2665,19811
2666,19812
2667,19815
2668,19828
2669,19841
2670,19853
2671,19858
2672,19861
2673,19865
2674,19874
2675,19883
2676,19892
2677,19893
2678,19894
2679,19895
2680,19910
2681,19913
2682,19937
2683,19946
2684,19954
2685,19960
2686,19982
2687,19985
2688,19988
2689,19989
2690,19998
2691,20014
2692,20015
2693,20030
2694,20054
2695,20056
2696,20066
2697,20069
2698,20078
2699,20085
2700,20112
2701,20119
2702,20125
2703,20131
2704,20144
2705,20147
2706,20174
2707,20175
2708,20177
2709,20198
2710,20213
2711,20221
2712,20232
2713,20236
2714,20237
2715,20249
2716,20261
2717,20267
2718,20271
2719,20274
2720,20288
2721,20289
2722,20298
2723,20301
2724,20306
2725,20319
2726,20323
2727,20335
2728,20339
2729,20363
2730,20373
2731,20375
2732,20379
2733,20383
2734,20391
2735,20395
2736,20403
2737,20404
2738,20406
2739,20417
2740,20424
2741,20427
2742,20435
2743,20437
2744,20449
2745,20450
2746,20452
2747,20463
2748,20464
2749,20482
2750,20488
2751,20490
2752,20502
2753,20526
2754,20531
2755,20542
2756,20543
2757,20552
2758,20566
2759,20577
2760,20579
2761,20595
2762,20610
2763,20624
2764,20627
2765,20628
2766,20645
2767,20651
2768,20662
2769,20669
2770,20678
2771,20702
2772,20717
2773,20718
2774,20752
2775,20753
2776,20758
2777,20759
2778,20761
2779,20771
2780,20801
2781,20824
2782,20828
2783,20831
2784,20843
2785,20918
2786,20927
2787,20929
2788,20930
2789,20931
2790,20936
2791,20945
2792,20961
2793,20963
2794,20967
2795,20994
2796,21003
2797,21004
2798,21007
2799,21011
2800,21018
2801,21026
2802,21047
2803,21057
2804,21076
2805,21086
2806,21107
2807,21109
2808,21130
2809,21136
2810,21156
2811,21158
2812,21165
2813,21190
2814,21203
2815,21215
2816,21218
2817,21219
2818,21233
2819,21254
2820,21257
2821,21288
2822,21289
2823,21300
2824,21301
2825,21302
2826,21303
2827,21304
2828,21305
2829,21362
2830,21364
2831,21371
2832,21379
2833,21380
2834,21389
2835,21403
2836,21417
2837,21419
2838,21440
2839,21449
2840,21484
2841,21488
2842,21490
2843,21499
2844,21529
2845,21533
2846,21534
2847,21535
2848,21574
2849,21578
2850,21586
2851,21587
2852,21594
2853,21603
2854,21607
2855,21609
2856,21613
2857,21616
2858,21617
2859,21620
2860,21621
2861,21630
2862,21636
2863,21637
2864,21638
2865,21639
2866,21640
2867,21641
2868,21645
2869,21646
2870,21647
2871,21649
2872,21657
2873,21663
2874,21667
2875,21681
2876,21690
2877,21692
2878,21706
2879,21720
2880,21723
2881,21726
2882,21735
2883,21741
2884,21744
2885,21752
2886,21756
2887,21758
2888,21761
2889,21765
2890,21769
2891,21771
2892,21773
2893,21777
2894,21780
2895,21785
2896,21788
2897,21791
2898,21792
2899,21794
2900,21795
2901,21799
2902,21800
2903,21808
2904,21810
2905,21811
2906,21816
2907,21824
2908,21825
2909,21829
2910,21842
2911,21844
2912,21845
2913,21847
2914,21854
2915,21858
2916,21860
2917,21870
2918,21882
2919,21896
2920,21909
2921,21910
2922,21919
2923,21927
2924,21951
2925,21957
2926,21968
2927,21973
2928,21978
2929,21986
2930,21988
2931,21993
2932,21994
2933,21996
2934,21999
2935,22005
2936,22014
2937,22015
2938,22016
2939,22017
2940,22018
2941,22022
2942,22025
2943,22026
2944,22031
2945,22032
2946,22036
2947,22048
2948,22050
2949,22070
2950,22072
2951,22077
2952,22081
2953,22087
2954,22092
2955,22097
2956,22100
2957,22101
2958,22103
2959,22110
2960,22114
2961,22119
2962,22120
2963,22125
2964,22126
2965,22131
2966,22132
2967,22138
2968,22150
2969,22179
2970,22180
2971,22185
2972,22196
2973,22199
2974,22200
2975,22202
2976,22204
2977,22205
2978,22207
2979,22209
2980,22223
2981,22224
2982,22226
2983,22236
2984,22245
2985,22254
2986,22263
2987,22266
2988,22271
2989,22280
2990,22285
2991,22286
2992,22287
2993,22288
2994,22289
2995,22294
2996,22295
2997,22297
2998,22298
2999,22304
3000,22308
3001,22310
3002,22313
3003,22319
3004,22320
3005,22322
3006,22325
3007,22333
3008,22334
3009,22337
3010,22341
3011,22342
3012,22345
3013,22387
3014,22416
3015,22426
3016,22428
3017,22431
3018,22443
3019,22449
3020,22453
3021,22467
3022,22470
3023,22479
3024,22481
3025,22483
3026,22497
3027,22508
3028,22510
3029,22519
3030,22529
3031,22531
3032,22542
3033,22549
3034,22554
3035,22569
3036,22577
3037,22590
3038,22598
3039,22603
3040,22623
3041,22629
3042,22635
3043,22638
3044,22645
3045,22660
3046,22662
3047,22663
3048,22672
3049,22673
3050,22678
3051,22680
3052,22685
3053,22687
3054,22688
3055,22701
3056,22707
3057,22710
3058,22712
3059,22715
3060,22716
3061,22737
3062,22740
3063,22743
3064,22746
3065,22752
3066,22774
3067,22782
3068,22785
3069,22788
3070,22791
3071,22794
3072,22800
3073,22803
3074,22811
3075,22812
3076,22840
3077,22841
3078,22843
3079,22857
3080,22865
3081,22881
3082,22882
3083,22897
3084,22906
3085,22915
3086,22916
3087,22926
3088,22935
3089,22941
3090,22944
3091,22956
3092,22986
3093,22991
3094,22992
3095,22994
3096,23009
3097,23011
3098,23012
3099,23017
3100,23028
3101,23030
3102,23038
3103,23039
3104,23041
3105,23047
3106,23051
3107,23054
3108,23062
3109,23063
3110,23066
3111,23067
3112,23068
3113,23069
3114,23071
3115,23072
3116,23073
3117,23074
3118,23085
3119,23112
3120,23113
3121,23115
3122,23119
3123,23126
3124,23130
3125,23144
3126,23169
3127,23184
3128,23187
3129,23190
3130,23197
3131,23201
3132,23212
3133,23219
3134,23222
3135,23232
3136,23234
3137,23235
3138,23247
3139,23259
3140,23269
3141,23270
3142,23273
3143,23276
3144,23283
3145,23307
3146,23316
3147,23322
3148,23364
3149,23367
3150,23370
3151,23379
3152,23392
3153,23393
3154,23400
3155,23402
3156,23404
3157,23409
3158,23414
3159,23415
3160,23429
3161,23430
3162,23437
3163,23439
3164,23441
3165,23452
3166,23469
3167,23473
3168,23480
3169,23483
3170,23484
3171,23500
3172,23501
3173,23502
3174,23503
3175,23504
3176,23505
3177,23506
3178,23507
3179,23508
3180,23509
3181,23510
3182,23511
3183,23512
3184,23513
3185,23514
3186,23515
3187,23516
3188,23517
3189,23518
3190,23519
3191,23520
3192,23521
3193,23522
3194,23524
3195,23532
3196,23533
3197,23534
3198,23544
3199,23556
3200,23559
3201,23569
3202,23574
3203,23575
3204,23576
3205,23584
3206,23586
3207,23588
3208,23591
3209,23592
3210,23594
3211,23598
3212,23599
3213,23600
3214,23603
3215,23607
3216,23612
3217,23620
3218,23624
3219,23626
3220,23627
3221,23634
3222,23637
3223,23651
3224,23655
3225,23658
3226,23662
3227,23663
3228,23668
3229,23672
3230,23678
3231,23682
3232,23695
3233,23698
3234,23708
3235,23709
3236,23727
3237,23728
3238,23729
3239,23730
3240,23757
3241,23763
3242,23766
3243,23769
3244,23777
3245,23781
3246,23799
3247,23801
3248,23811
3249,23814
3250,23835
3251,23841
3252,23847
3253,23853
3254,23855
3255,23867
3256,23875
3257,23895
3258,23902
3259,23903
3260,23922
3261,23923
3262,23928
3263,23933
3264,23941
3265,23947
3266,23954
3267,23976
3268,23977
3269,23978
3270,23981
3271,23985
3272,23993
3273,23994
3274,23995
3275,23996
3276,24000
3277,24003
3278,24013
3279,24022
3280,24025
3281,24027
3282,24033
3283,24053
3284,24054
3285,24055
3286,24060
3287,24072
3288,24078
3289,24083
3290,24088
3291,24094
3292,24097
3293,24098
3294,24108
3295,24109
3296,24115
3297,24123
3298,24126
3299,24129
3300,24132
3301,24135
3302,24137
3303,24145
3304,24146
3305,24150
3306,24165
3307,24169
3308,24174
3309,24180
3310,24187
3311,24192
3312,24193
3313,24196
3314,24197
3315,24201
3316,24207
3317,24209
3318,24212
3319,24236
3320,24243
3321,24256
3322,24270
3323,24289
3324,24291
3325,24294
3326,24297
3327,24309
3328,24312
3329,24318
3330,24333
3331,24336
3332,24347
3333,24352
3334,24357
3335,24361
3336,24363
3337,24367
3338,24369
3339,24370
3340,24373
3341,24377
3342,24381
3343,24388
3344,24389
3345,24401
3346,24409
3347,24410
3348,24414
3349,24415
3350,24417
3351,24423
3352,24432
3353,24441
3354,24444
3355,24452
3356,24468
3357,24474
3358,24488
3359,24495
3360,24498
3361,24502
3362,24504
3363,24505
3364,24507
3365,24573
3366,24615
3367,24619
3368,24620
3369,24641
3370,24705
3371,24706
3372,24711
3373,24714
3374,24720
3375,24744
3376,24756
3377,24758
3378,24763
3379,24779
3380,24780
3381,24782
3382,24786
3383,24789
3384,24793
3385,24802
3386,24808
3387,24815
3388,24820
3389,24823
3390,24825
3391,24834
3392,24835
3393,24841
3394,24857
3395,24862
3396,24864
3397,24871
3398,24879
3399,24886
3400,24891
3401,24902
3402,24903
3403,24911
3404,24913
3405,24918
3406,24925
3407,24927
3408,24931
3409,24932
3410,24944
3411,24958
3412,24960
3413,24989
3414,24999
3415,25002
3416,25005
3417,25007
3418,25011
3419,25014
3420,25017
3421,25018
3422,25035
3423,25038
3424,25045
3425,25047
3426,25048
3427,25060
3428,25061
3429,25074
3430,25087
3431,25090
3432,25095
3433,25134
3434,25138
3435,25150
3436,25155
3437,25158
3438,25161
3439,25162
3440,25164
3441,25165
3442,25170
3443,25179
3444,25185
3445,25201
3446,25206
3447,25209
3448,25213
3449,25216
3450,25217
3451,25225
3452,25233
3453,25235
3454,25236
3455,25243
3456,25244
3457,25252
3458,25255
3459,25265
3460,25272
3461,25275
3462,25281
3463,25289
3464,25304
3465,25310
3466,25313
3467,25316
3468,25332
3469,25335
3470,25336
3471,25338
3472,25339
3473,25340
3474,25343
3475,25349
3476,25351
3477,25353
3478,25354
3479,25362
3480,25377
3481,25380
3482,25382
3483,25385
3484,25412
3485,25415
3486,25417
3487,25421
3488,25422
3489,25426
3490,25428
3491,25433
3492,25434
3493,25436
3494,25438
3495,25439
3496,25444
3497,25447
3498,25451
3499,25452
3500,25454
3501,25455
3502,25456
3503,25458
3504,25459
3505,25460
3506,25462
3507,25464
3508,25468
3509,25470
3510,25471
3511,25472
3512,25478
3513,25480
3514,25481
3515,25482
3516,25486
3517,25488
3518,25495
3519,25504
3520,25506
3521,25508
3522,25512
3523,25515
3524,25516
3525,25518
3526,25519
3527,25520
3528,25522
3529,25525
3530,25527
3531,25530
3532,25532
3533,25533
3534,25536
3535,25537
3536,25545
3537,25552
3538,25554
3539,25561
3540,25562
3541,25563
3542,25565
3543,25567
3544,25569
3545,25570
3546,25571
3547,25575
3548,25577
3549,25579
3550,25583
3551,25584
3552,25586
3553,25592
3554,25594
3555,25595
3556,25598
3557,25602
3558,25605
3559,25610
3560,25612
3561,25613
3562,25616
3563,25617
3564,25620
3565,25622
3566,25623
3567,25625
3568,25627
3569,25637
3570,25640
3571,25641
3572,25643
3573,25646
3574,25649
3575,25653
3576,25657
3577,25659
3578,25660
3579,25664
3580,25675
3581,25676
3582,25677
3583,25686
3584,25689
3585,25690
3586,25693
3587,25696
3588,25698
3589,25701
3590,25702
3591,25703
3592,25704
3593,25706
3594,25707
3595,25709
3596,25719
3597,25725
3598,25730
3599,25741
3600,25745
3601,25746
3602,25750
3603,25756
3604,25765
3605,25774
3606,25782
3607,25783
3608,25784
3609,25785
3610,25791
3611,25792
3612,25796
3613,25802
3614,25809
3615,25811
3616,25819
3617,25821
3618,25823
3619,25830
3620,25835
3621,25838
3622,25843
3623,25854
3624,25885
3625,25888
3626,25900
3627,25903
3628,25905
3629,25906
3630,25911
3631,25912
3632,25915
3633,25920
3634,25933
3635,25937
3636,25946
3637,25950
3638,25957
3639,25968
3640,25969
3641,25970
3642,25971
3643,25972
3644,25975
3645,25977
3646,25978
3647,25979
3648,25980
3649,25981
3650,25982
3651,25984
3652,25985
3653,25986
3654,25987
3655,25988
3656,25989
3657,25990
3658,25992
3659,25995
3660,26005
3661,26009
3662,26012
3663,26013
3664,26016
3665,26018
3666,26019
3667,26020
3668,26027
3669,26028
3670,26041
3671,26043
3672,26048
3673,26050
3674,26053
3675,26057
3676,26059
3677,26061
3678,26064
3679,26067
3680,26077
3681,26087
3682,26103
3683,26106
3684,26108
3685,26109
3686,26110
3687,26112
3688,26114
3689,26117
3690,26121
3691,26129
3692,26141
3693,26142
3694,26148
3695,26150
3696,26151
3697,26154
3698,26157
3699,26169
3700,26170
3701,26172
3702,26175
3703,26176
3704,26183
3705,26198
3706,26200
3707,26207
3708,26208
3709,26223
3710,26227
3711,26232
3712,26255
3713,26269
3714,26304
3715,26310
3716,26312
3717,26313
3718,26357
3719,26365
3720,26366
3721,26388
3722,26407
3723,26415
3724,26427
3725,26432
3726,26439
3727,26454
3728,26455
3729,26457
3730,26458
3731,26463
3732,26466
3733,26491
3734,26498
3735,26500
3736,26504
3737,26519
3738,26521
3739,26525
3740,26526
3741,26528
3742,26529
3743,26545
3744,26550
3745,26564
3746,26573
3747,26575
3748,26576
3749,26585
3750,26596
3751,26603
3752,26605
3753,26606
3754,26608
3755,26624
3756,26641
3757,26644
3758,26652
3759,26666
3760,26680
3761,26683
3762,26689
3763,26690
3764,26699
3765,26708
3766,26719
3767,26726
3768,26727
3769,26729
3770,26734
3771,26752
3772,26755
3773,26758
3774,26761
3775,26762
3776,26765
3777,26766
3778,26767
3779,26773
3780,26774
3781,26785
3782,26800
3783,26806
3784,26813
3785,26827
3786,26832
3787,26833
3788,26839
3789,26841
3790,26848
3791,26854
3792,26857
3793,26860
3794,26863
3795,26872
3796,26878
3797,26881
3798,26884
3799,26890
3800,26891
3801,26900
3802,26911
3803,26917
3804,26921
3805,26926
3806,26935
3807,26950
3808,26984
3809,27001
3810,27004
3811,27013
3812,27058
3813,27064
3814,27073
3815,27076
3816,27083
3817,27111
3818,27121
3819,27137
3820,27142
3821,27144
3822,27156
3823,27192
3824,27200
3825,27202
3826,27203
3827,27204
3828,27206
3829,27207
3830,27208
3831,27209
3832,27210
3833,27212
3834,27215
3835,27217
3836,27246
3837,27258
3838,27260
3839,27262
3840,27274
3841,27276
3842,27280
3843,27290
3844,27291
3845,27293
3846,27295
3847,27297
3848,27333
3849,27335
3850,27337
3851,27344
3852,27350
3853,27363
3854,27370
3855,27372
3856,27381
3857,27382
3858,27383
3859,27388
3860,27389
3861,27392
3862,27396
3863,27398
3864,27399
3865,27405
3866,27406
3867,27411
3868,27412
3869,27419
3870,27424
3871,27429
3872,27433
3873,27440
3874,27441
3875,27452
3876,27454
3877,27461
3878,27462
3879,27479
3880,27491
3881,27492
3882,27497
3883,27500
3884,27502
3885,27503
3886,27504
3887,27505
3888,27506
3889,27508
3890,27512
3891,27514
3892,27515
3893,27522
3894,27524
3895,27525
3896,27526
3897,27528
3898,27531
3899,27532
3900,27535
3901,27539
3902,27548
3903,27555
3904,27556
3905,27558
3906,27560
3907,27571
3908,27574
3909,27576
3910,27577
3911,27578
3912,27580
3913,27589
3914,27595
3915,27602
3916,27603
3917,27609
3918,27614
3919,27617
3920,27629
3921,27631
3922,27634
3923,27637
3924,27638
3925,27640
3926,27642
3927,27643
3928,27644
3929,27650
3930,27653
3931,27669
3932,27673
3933,27675
3934,27683
3935,27687
3936,27688
3937,27706
3938,27711
3939,27721
3940,27736
3941,27738
3942,27740
3943,27744
3944,27749
3945,27751
3946,27757
3947,27759
3948,27761
3949,27764
3950,27787
3951,27796
3952,27797
3953,27798
3954,27806
3955,27812
3956,27815
3957,27848
3958,27851
3959,27865
3960,27868
3961,27869
3962,27873
3963,27876
3964,27878
3965,27879
3966,27880
3967,27881
3968,27882
3969,27888
3970,27903
3971,27917
3972,27919
3973,27920
3974,27922
3975,27924
3976,27944
3977,27947
3978,27954
3979,27966
3980,27971
3981,27974
3982,27978
3983,27984
3984,27995
3985,27998
3986,28000
3987,28002
3988,28004
3989,28005
3990,28006
3991,28008
3992,28014
3993,28017
3994,28026
3995,28029
3996,28043
3997,28044
3998,28047
3999,28052
4000,28053
4001,28067
4002,28070
4003,28072
4004,28074
4005,28075
4006,28076
4007,28077
4008,28078
4009,28082
4010,28084
4011,28085
4012,28086
4013,28089
4014,28091
4015,28092
4016,28094
4017,28096
4018,28101
4019,28108
4020,28110
4021,28111
4022,28112
4023,28115
4024,28127
4025,28130
4026,28131
4027,28133
4028,28140
4029,28145
4030,28162
4031,28164
4032,28165
4033,28166
4034,28170
4035,28187
4036,28194
4037,28197
4038,28200
4039,28208
4040,28209
4041,28210
4042,28213
4043,28231
4044,28235
4045,28236
4046,28245
4047,28247
4048,28250
4049,28252
4050,28253
4051,28255
4052,28261
4053,28268
4054,28269
4055,28270
4056,28272
4057,28273
4058,28274
4059,28275
4060,28276
4061,28277
4062,28279
4063,28280
4064,28281
4065,28287
4066,28288
4067,28289
4068,28294
4069,28296
4070,28298
4071,28299
4072,28301
4073,28306
4074,28307
4075,28309
4076,28310
4077,28311
4078,28312
4079,28319
4080,28320
4081,28325
4082,28328
4083,28335
4084,28339
4085,28343
4086,28345
4087,28346
4088,28347
4089,28355
4090,28356
4091,28358
4092,28360
4093,28362
4094,28364
4095,28366
4096,28368
4097,28369
4098,28372
4099,28375
4100,28377
4101,28380
4102,28383
4103,28386
4104,28392
4105,28394
4106,28395
4107,28405
4108,28408
4109,28422
4110,28431
4111,28434
4112,28452
4113,28455
4114,28460
4115,28467
4116,28471
4117,28472
4118,28480
4119,28506
4120,28511
4121,28512
4122,28513
4123,28515
4124,28530
4125,28538
4126,28558
4127,28561
4128,28580
4129,28600
4130,28602
4131,28605
4132,28609
4133,28626
4134,28638
4135,28641
4136,28650
4137,28654
4138,28656
4139,28672
4140,28673
4141,28676
4142,28680
4143,28681
4144,28683
4145,28686
4146,28689
4147,28696
4148,28697
4149,28698
4150,28702
4151,28703
4152,28705
4153,28707
4154,28714
4155,28719
4156,28722
4157,28723
4158,28724
4159,28727
4160,28728
4161,28731
4162,28738
4163,28743
4164,28758
4165,28767
4166,28769
4167,28788
4168,28791
4169,28792
4170,28794
4171,28803
4172,28805
4173,28806
4174,28807
4175,28809
4176,28815
4177,28819
4178,28821
4179,28825
4180,28832
4181,28844
4182,28845
4183,28848
4184,28850
4185,28853
4186,28854
4187,28856
4188,28865
4189,28868
4190,28871
4191,28872
4192,28874
4193,28875
4194,28876
4195,28877
4196,28880
4197,28881
4198,28882
4199,28883
4200,28885
4201,28886
4202,28887
4203,28888
4204,28894
4205,28895
4206,28898
4207,28899
4208,28902
4209,28915
4210,28917
4211,28920
4212,28924
4213,28931
4214,28935
4215,28938
4216,28942
4217,28947
4218,28950
4219,28956
4220,28960
4221,28974
4222,28976
4223,28979
4224,28980
4225,28998
4226,28999
4227,29010
4228,29019
4229,29020
4230,29024
4231,29025
4232,29031
4233,29033
4234,29049
4235,29055
4236,29058
4237,29071
4238,29072
4239,29076
4240,29080
4241,29094
4242,29107
4243,29108
4244,29109
4245,29118
4246,29133
4247,29134
4248,29139
4249,29148
4250,29159
4251,29166
4252,29170
4253,29172
4254,29176
4255,29178
4256,29196
4257,29199
4258,29211
4259,29217
4260,29248
4261,29249
4262,29252
4263,29253
4264,29259
4265,29271
4266,29279
4267,29280
4268,29283
4269,29293
4270,29295
4271,29300
4272,29310
4273,29314
4274,29337
4275,29347
4276,29352
4277,29354
4278,29357
4279,29362
4280,29363
4281,29365
4282,29366
4283,29369
4284,29373
4285,29374
4286,29391
4287,29394
4288,29397
4289,29401
4290,29405
4291,29413
4292,29419
4293,29420
4294,29421
4295,29424
4296,29426
4297,29439
4298,29444
4299,29448
4300,29460
4301,29463
4302,29465
4303,29467
4304,29476
4305,29484
4306,29498
4307,29506
4308,29507
4309,29508
4310,29509
4311,29510
4312,29517
4313,29519
4314,29522
4315,29523
4316,29526
4317,29528
4318,29540
4319,29542
4320,29544
4321,29546
4322,29549
4323,29553
4324,29554
4325,29556
4326,29562
4327,29566
4328,29579
4329,29584
4330,29591
4331,29595
4332,29603
4333,29613
4334,29615
4335,29626
4336,29627
4337,29630
4338,29631
4339,29634
4340,29639
4341,29641
4342,29644
4343,29647
4344,29659
4345,29665
4346,29678
4347,29687
4348,29689
4349,29691
4350,29699
4351,29700
4352,29701
4353,29702
4354,29705
4355,29707
4356,29710
4357,29713
4358,29714
4359,29718
4360,29720
4361,29721
4362,29725
4363,29727
4364,29729
4365,29732
4366,29733
4367,29734
4368,29735
4369,29736
4370,29737
4371,29738
4372,29740
4373,29741
4374,29743
4375,29744
4376,29749
4377,29751
4378,29753
4379,29754
4380,29757
4381,29758
4382,29761
4383,29763
4384,29765
4385,29766
4386,29768
4387,29770
4388,29772
4389,29773
4390,29777
4391,29778
4392,29780
4393,29785
4394,29787
4395,29789
4396,29790
4397,29791
4398,29792
4399,29802
4400,29803
4401,29809
4402,29824
4403,29833
4404,29836
4405,29838
4406,29839
4407,29841
4408,29842
4409,29857
4410,29860
4411,29861
4412,29863
4413,29864
4414,29865
4415,29866
4416,29867
4417,29868
4418,29869
4419,29870
4420,29871
4421,29872
4422,29873
4423,29874
4424,29875
4425,29876
4426,29877
4427,29878
4428,29879
4429,29880
4430,29881
4431,29882
4432,29883
4433,29884
4434,29885
4435,29886
4436,29887
4437,29888
4438,29889
4439,29890
